"","z-stat","OR","p-val"
"Model I, g"," 5.0869127e+00"," 1.1589618e+00"," 3.6393923e-07"
"Model II, g"," 5.0843880e+00"," 1.1606779e+00"," 3.6881340e-07"
"Model II, s"," 1.3889456e+01"," 1.8972041e+00"," 0.0000000e+00"
"Model III, g"," 4.4001272e+00"," 1.1641228e+00"," 1.0818742e-05"
"Model III, s"," 8.0015332e+00"," 1.9180400e+00"," 1.3322676e-15"
"Model III, g:s","-1.6172929e-01"," 9.8954339e-01"," 8.7151904e-01"
"Model IV, g, s=0"," 4.4001431e+00"," 1.1641228e+00"," 1.0817950e-05"
"Model IV, g, s=1"," 2.5509476e+00"," 1.1519500e+00"," 1.0743049e-02"
